Haplotype_Seq,Count,Hap_Name,Alleles
A|C|G|C|G|T|G|A|A|T|G|T|G|G|G|C|A|G|A|G|T|G|T|G|G|G|C|C|C|G|G|T|T|G|C|C|G|C|T|G|T|C|A|T|G|G|G|G|A|G|T|G|C|G|G|T|C,231,Hap1,"['A', 'C', 'G', 'C', 'G', 'T', 'G', 'A', 'A', 'T', 'G', 'T', 'G', 'G', 'G', 'C', 'A', 'G', 'A', 'G', 'T', 'G', 'T', 'G', 'G', 'G', 'C', 'C', 'C', 'G', 'G', 'T', 'T', 'G', 'C', 'C', 'G', 'C', 'T', 'G', 'T', 'C', 'A', 'T', 'G', 'G', 'G', 'G', 'A', 'G', 'T', 'G', 'C', 'G', 'G', 'T', 'C']"
A|A|G|C|G|T|G|A|A|T|G|T|G|G|A|T|G|A|A|G|T|G|T|G|G|G|C|C|C|G|G|T|T|T|G|T|-|C|T|G|T|C|A|T|A|G|G|G|A|G|T|G|C|G|A|C|C,93,Hap2,"['A', 'A', 'G', 'C', 'G', 'T', 'G', 'A', 'A', 'T', 'G', 'T', 'G', 'G', 'A', 'T', 'G', 'A', 'A', 'G', 'T', 'G', 'T', 'G', 'G', 'G', 'C', 'C', 'C', 'G', 'G', 'T', 'T', 'T', 'G', 'T', '-', 'C', 'T', 'G', 'T', 'C', 'A', 'T', 'A', 'G', 'G', 'G', 'A', 'G', 'T', 'G', 'C', 'G', 'A', 'C', 'C']"
A|A|G|C|G|T|G|A|A|T|G|T|C|A|A|T|G|A|A|G|T|G|T|G|C|A|C|C|C|G|G|T|T|G|C|C|G|C|T|-|A|T|A|T|A|G|G|G|A|G|T|G|C|G|G|C|C,74,Hap3,"['A', 'A', 'G', 'C', 'G', 'T', 'G', 'A', 'A', 'T', 'G', 'T', 'C', 'A', 'A', 'T', 'G', 'A', 'A', 'G', 'T', 'G', 'T', 'G', 'C', 'A', 'C', 'C', 'C', 'G', 'G', 'T', 'T', 'G', 'C', 'C', 'G', 'C', 'T', '-', 'A', 'T', 'A', 'T', 'A', 'G', 'G', 'G', 'A', 'G', 'T', 'G', 'C', 'G', 'G', 'C', 'C']"
A|A|G|C|G|T|G|A|A|T|G|T|G|G|A|T|G|A|A|G|T|G|T|G|G|A|C|T|C|-|G|T|T|T|G|C|G|C|T|G|T|C|G|T|G|G|G|G|A|G|T|G|C|G|G|C|C,31,Hap4,"['A', 'A', 'G', 'C', 'G', 'T', 'G', 'A', 'A', 'T', 'G', 'T', 'G', 'G', 'A', 'T', 'G', 'A', 'A', 'G', 'T', 'G', 'T', 'G', 'G', 'A', 'C', 'T', 'C', '-', 'G', 'T', 'T', 'T', 'G', 'C', 'G', 'C', 'T', 'G', 'T', 'C', 'G', 'T', 'G', 'G', 'G', 'G', 'A', 'G', 'T', 'G', 'C', 'G', 'G', 'C', 'C']"
A|A|G|C|G|T|G|A|A|T|G|-|G|G|A|T|G|A|A|G|T|G|T|G|G|A|C|C|C|G|G|T|T|G|C|C|G|C|T|-|A|T|A|T|G|G|C|T|G|G|-|G|C|G|G|C|C,19,Hap5,"['A', 'A', 'G', 'C', 'G', 'T', 'G', 'A', 'A', 'T', 'G', '-', 'G', 'G', 'A', 'T', 'G', 'A', 'A', 'G', 'T', 'G', 'T', 'G', 'G', 'A', 'C', 'C', 'C', 'G', 'G', 'T', 'T', 'G', 'C', 'C', 'G', 'C', 'T', '-', 'A', 'T', 'A', 'T', 'G', 'G', 'C', 'T', 'G', 'G', '-', 'G', 'C', 'G', 'G', 'C', 'C']"
A|A|G|C|G|T|G|A|A|T|G|T|G|G|A|T|G|A|A|G|T|G|T|G|G|A|C|T|C|G|G|T|T|T|C|C|G|C|T|G|T|C|A|T|G|G|G|G|A|G|T|G|C|G|G|C|C,12,Hap6,"['A', 'A', 'G', 'C', 'G', 'T', 'G', 'A', 'A', 'T', 'G', 'T', 'G', 'G', 'A', 'T', 'G', 'A', 'A', 'G', 'T', 'G', 'T', 'G', 'G', 'A', 'C', 'T', 'C', 'G', 'G', 'T', 'T', 'T', 'C', 'C', 'G', 'C', 'T', 'G', 'T', 'C', 'A', 'T', 'G', 'G', 'G', 'G', 'A', 'G', 'T', 'G', 'C', 'G', 'G', 'C', 'C']"
A|A|G|C|G|C|G|A|A|T|G|-|G|G|A|T|G|A|A|G|T|G|T|G|G|A|C|C|C|G|G|T|T|T|G|C|G|C|T|G|T|T|A|T|G|G|C|T|G|A|T|G|T|T|G|C|C,8,Hap7,"['A', 'A', 'G', 'C', 'G', 'C', 'G', 'A', 'A', 'T', 'G', '-', 'G', 'G', 'A', 'T', 'G', 'A', 'A', 'G', 'T', 'G', 'T', 'G', 'G', 'A', 'C', 'C', 'C', 'G', 'G', 'T', 'T', 'T', 'G', 'C', 'G', 'C', 'T', 'G', 'T', 'T', 'A', 'T', 'G', 'G', 'C', 'T', 'G', 'A', 'T', 'G', 'T', 'T', 'G', 'C', 'C']"
A|A|G|C|G|T|G|A|A|T|G|T|G|G|A|T|G|A|A|G|T|G|T|G|G|G|C|C|C|G|G|T|T|T|G|C|G|C|T|G|T|C|A|T|G|G|G|G|A|G|T|G|C|G|G|C|C,7,Hap8,"['A', 'A', 'G', 'C', 'G', 'T', 'G', 'A', 'A', 'T', 'G', 'T', 'G', 'G', 'A', 'T', 'G', 'A', 'A', 'G', 'T', 'G', 'T', 'G', 'G', 'G', 'C', 'C', 'C', 'G', 'G', 'T', 'T', 'T', 'G', 'C', 'G', 'C', 'T', 'G', 'T', 'C', 'A', 'T', 'G', 'G', 'G', 'G', 'A', 'G', 'T', 'G', 'C', 'G', 'G', 'C', 'C']"
A|A|G|C|C|T|G|A|C|T|G|-|G|G|A|T|G|A|A|G|T|G|T|G|G|G|C|C|C|G|G|T|T|T|G|C|G|C|T|G|T|C|G|T|G|G|G|G|A|G|T|T|C|G|G|C|G,6,Hap9,"['A', 'A', 'G', 'C', 'C', 'T', 'G', 'A', 'C', 'T', 'G', '-', 'G', 'G', 'A', 'T', 'G', 'A', 'A', 'G', 'T', 'G', 'T', 'G', 'G', 'G', 'C', 'C', 'C', 'G', 'G', 'T', 'T', 'T', 'G', 'C', 'G', 'C', 'T', 'G', 'T', 'C', 'G', 'T', 'G', 'G', 'G', 'G', 'A', 'G', 'T', 'T', 'C', 'G', 'G', 'C', 'G']"
A|A|G|C|G|T|G|A|A|T|G|-|G|G|A|T|G|A|A|G|T|G|T|G|G|A|C|T|C|G|G|T|T|G|C|C|G|C|T|-|A|T|A|T|G|G|C|T|G|G|T|G|T|G|G|C|C,6,Hap10,"['A', 'A', 'G', 'C', 'G', 'T', 'G', 'A', 'A', 'T', 'G', '-', 'G', 'G', 'A', 'T', 'G', 'A', 'A', 'G', 'T', 'G', 'T', 'G', 'G', 'A', 'C', 'T', 'C', 'G', 'G', 'T', 'T', 'G', 'C', 'C', 'G', 'C', 'T', '-', 'A', 'T', 'A', 'T', 'G', 'G', 'C', 'T', 'G', 'G', 'T', 'G', 'T', 'G', 'G', 'C', 'C']"
A|A|G|C|C|T|G|A|A|T|G|-|G|G|A|T|G|A|A|G|T|G|T|G|G|G|C|T|C|-|-|T|T|T|G|C|G|C|T|G|T|C|A|T|G|G|G|G|A|G|T|G|C|G|G|T|C,5,Hap11,"['A', 'A', 'G', 'C', 'C', 'T', 'G', 'A', 'A', 'T', 'G', '-', 'G', 'G', 'A', 'T', 'G', 'A', 'A', 'G', 'T', 'G', 'T', 'G', 'G', 'G', 'C', 'T', 'C', '-', '-', 'T', 'T', 'T', 'G', 'C', 'G', 'C', 'T', 'G', 'T', 'C', 'A', 'T', 'G', 'G', 'G', 'G', 'A', 'G', 'T', 'G', 'C', 'G', 'G', 'T', 'C']"
A|A|G|C|C|T|G|A|A|T|G|T|G|G|A|T|G|A|A|G|T|G|T|G|G|A|C|C|C|-|G|T|T|T|G|C|G|-|-|G|T|T|A|T|G|G|C|T|G|G|T|G|C|G|G|C|C,5,Hap12,"['A', 'A', 'G', 'C', 'C', 'T', 'G', 'A', 'A', 'T', 'G', 'T', 'G', 'G', 'A', 'T', 'G', 'A', 'A', 'G', 'T', 'G', 'T', 'G', 'G', 'A', 'C', 'C', 'C', '-', 'G', 'T', 'T', 'T', 'G', 'C', 'G', '-', '-', 'G', 'T', 'T', 'A', 'T', 'G', 'G', 'C', 'T', 'G', 'G', 'T', 'G', 'C', 'G', 'G', 'C', 'C']"
A|C|G|C|G|T|G|A|A|T|G|T|G|G|G|T|G|A|A|G|T|G|T|C|G|G|C|T|C|G|G|T|T|T|G|C|G|C|T|G|T|C|A|-|G|G|G|G|A|G|T|G|C|G|G|C|C,5,Hap13,"['A', 'C', 'G', 'C', 'G', 'T', 'G', 'A', 'A', 'T', 'G', 'T', 'G', 'G', 'G', 'T', 'G', 'A', 'A', 'G', 'T', 'G', 'T', 'C', 'G', 'G', 'C', 'T', 'C', 'G', 'G', 'T', 'T', 'T', 'G', 'C', 'G', 'C', 'T', 'G', 'T', 'C', 'A', '-', 'G', 'G', 'G', 'G', 'A', 'G', 'T', 'G', 'C', 'G', 'G', 'C', 'C']"
A|A|G|C|C|T|G|A|A|-|-|-|G|G|A|T|G|A|A|G|T|G|T|G|G|A|C|C|C|G|G|T|T|T|G|C|G|C|T|G|T|C|G|T|G|G|G|G|A|G|T|T|C|G|G|C|G,4,Hap14,"['A', 'A', 'G', 'C', 'C', 'T', 'G', 'A', 'A', '-', '-', '-', 'G', 'G', 'A', 'T', 'G', 'A', 'A', 'G', 'T', 'G', 'T', 'G', 'G', 'A', 'C', 'C', 'C', 'G', 'G', 'T', 'T', 'T', 'G', 'C', 'G', 'C', 'T', 'G', 'T', 'C', 'G', 'T', 'G', 'G', 'G', 'G', 'A', 'G', 'T', 'T', 'C', 'G', 'G', 'C', 'G']"
A|A|G|C|G|T|G|A|A|T|G|T|G|G|A|T|G|A|A|G|T|G|T|G|G|G|C|C|C|G|G|T|T|T|G|C|G|C|T|G|T|T|A|T|G|G|C|T|G|G|T|G|C|G|G|C|C,4,Hap15,"['A', 'A', 'G', 'C', 'G', 'T', 'G', 'A', 'A', 'T', 'G', 'T', 'G', 'G', 'A', 'T', 'G', 'A', 'A', 'G', 'T', 'G', 'T', 'G', 'G', 'G', 'C', 'C', 'C', 'G', 'G', 'T', 'T', 'T', 'G', 'C', 'G', 'C', 'T', 'G', 'T', 'T', 'A', 'T', 'G', 'G', 'C', 'T', 'G', 'G', 'T', 'G', 'C', 'G', 'G', 'C', 'C']"
A|A|-|G|G|T|T|A|A|T|G|T|G|G|A|T|G|A|A|G|T|G|T|G|G|A|C|C|C|-|G|T|-|T|G|C|-|C|T|G|T|C|A|T|A|G|G|G|A|G|T|G|C|G|A|C|C,4,Hap16,"['A', 'A', '-', 'G', 'G', 'T', 'T', 'A', 'A', 'T', 'G', 'T', 'G', 'G', 'A', 'T', 'G', 'A', 'A', 'G', 'T', 'G', 'T', 'G', 'G', 'A', 'C', 'C', 'C', '-', 'G', 'T', '-', 'T', 'G', 'C', '-', 'C', 'T', 'G', 'T', 'C', 'A', 'T', 'A', 'G', 'G', 'G', 'A', 'G', 'T', 'G', 'C', 'G', 'A', 'C', 'C']"
A|A|G|C|G|T|G|A|A|T|G|T|G|G|A|T|G|A|A|G|T|G|T|G|G|A|G|C|C|G|G|C|T|T|G|C|G|C|T|-|T|T|A|T|G|A|C|T|G|G|T|G|C|G|G|C|C,4,Hap17,"['A', 'A', 'G', 'C', 'G', 'T', 'G', 'A', 'A', 'T', 'G', 'T', 'G', 'G', 'A', 'T', 'G', 'A', 'A', 'G', 'T', 'G', 'T', 'G', 'G', 'A', 'G', 'C', 'C', 'G', 'G', 'C', 'T', 'T', 'G', 'C', 'G', 'C', 'T', '-', 'T', 'T', 'A', 'T', 'G', 'A', 'C', 'T', 'G', 'G', 'T', 'G', 'C', 'G', 'G', 'C', 'C']"
A|A|G|C|G|T|G|A|A|T|G|T|G|G|A|T|G|A|A|G|T|G|T|G|G|A|C|T|C|-|G|T|T|T|G|C|G|C|T|G|T|C|A|T|G|G|G|G|A|G|T|G|C|G|G|C|C,4,Hap18,"['A', 'A', 'G', 'C', 'G', 'T', 'G', 'A', 'A', 'T', 'G', 'T', 'G', 'G', 'A', 'T', 'G', 'A', 'A', 'G', 'T', 'G', 'T', 'G', 'G', 'A', 'C', 'T', 'C', '-', 'G', 'T', 'T', 'T', 'G', 'C', 'G', 'C', 'T', 'G', 'T', 'C', 'A', 'T', 'G', 'G', 'G', 'G', 'A', 'G', 'T', 'G', 'C', 'G', 'G', 'C', 'C']"
C|A|G|C|G|T|G|A|A|T|G|T|C|A|A|T|G|A|A|G|T|G|T|G|G|G|C|C|C|G|G|T|T|T|C|C|G|C|T|-|A|T|A|T|G|G|C|T|G|G|-|G|C|G|G|C|C,4,Hap19,"['C', 'A', 'G', 'C', 'G', 'T', 'G', 'A', 'A', 'T', 'G', 'T', 'C', 'A', 'A', 'T', 'G', 'A', 'A', 'G', 'T', 'G', 'T', 'G', 'G', 'G', 'C', 'C', 'C', 'G', 'G', 'T', 'T', 'T', 'C', 'C', 'G', 'C', 'T', '-', 'A', 'T', 'A', 'T', 'G', 'G', 'C', 'T', 'G', 'G', '-', 'G', 'C', 'G', 'G', 'C', 'C']"
A|A|G|C|G|T|G|A|A|T|G|T|G|G|A|T|G|A|A|G|T|G|T|G|G|G|C|C|C|G|G|T|-|T|G|C|-|C|T|G|T|C|A|T|A|G|G|G|A|G|T|G|C|G|G|C|C,4,Hap20,"['A', 'A', 'G', 'C', 'G', 'T', 'G', 'A', 'A', 'T', 'G', 'T', 'G', 'G', 'A', 'T', 'G', 'A', 'A', 'G', 'T', 'G', 'T', 'G', 'G', 'G', 'C', 'C', 'C', 'G', 'G', 'T', '-', 'T', 'G', 'C', '-', 'C', 'T', 'G', 'T', 'C', 'A', 'T', 'A', 'G', 'G', 'G', 'A', 'G', 'T', 'G', 'C', 'G', 'G', 'C', 'C']"
A|A|G|C|G|T|G|A|A|T|G|T|G|G|A|T|G|A|A|G|T|G|T|G|G|A|C|T|C|-|G|C|T|T|G|C|G|C|T|G|T|C|A|T|G|G|G|G|A|G|T|G|C|G|G|C|C,3,Hap21,"['A', 'A', 'G', 'C', 'G', 'T', 'G', 'A', 'A', 'T', 'G', 'T', 'G', 'G', 'A', 'T', 'G', 'A', 'A', 'G', 'T', 'G', 'T', 'G', 'G', 'A', 'C', 'T', 'C', '-', 'G', 'C', 'T', 'T', 'G', 'C', 'G', 'C', 'T', 'G', 'T', 'C', 'A', 'T', 'G', 'G', 'G', 'G', 'A', 'G', 'T', 'G', 'C', 'G', 'G', 'C', 'C']"
A|A|-|G|G|T|G|A|A|T|G|T|G|G|A|T|G|A|A|G|T|G|T|G|G|A|C|C|C|-|-|T|T|T|C|C|G|-|-|G|T|C|G|T|G|G|C|T|G|G|T|G|C|G|G|C|C,3,Hap22,"['A', 'A', '-', 'G', 'G', 'T', 'G', 'A', 'A', 'T', 'G', 'T', 'G', 'G', 'A', 'T', 'G', 'A', 'A', 'G', 'T', 'G', 'T', 'G', 'G', 'A', 'C', 'C', 'C', '-', '-', 'T', 'T', 'T', 'C', 'C', 'G', '-', '-', 'G', 'T', 'C', 'G', 'T', 'G', 'G', 'C', 'T', 'G', 'G', 'T', 'G', 'C', 'G', 'G', 'C', 'C']"
A|A|G|C|G|T|G|A|A|T|G|-|G|G|A|T|G|A|A|G|T|G|T|G|G|G|C|T|C|G|G|T|T|T|G|T|-|C|T|G|T|C|A|T|G|G|G|G|A|G|T|G|C|G|G|C|C,3,Hap23,"['A', 'A', 'G', 'C', 'G', 'T', 'G', 'A', 'A', 'T', 'G', '-', 'G', 'G', 'A', 'T', 'G', 'A', 'A', 'G', 'T', 'G', 'T', 'G', 'G', 'G', 'C', 'T', 'C', 'G', 'G', 'T', 'T', 'T', 'G', 'T', '-', 'C', 'T', 'G', 'T', 'C', 'A', 'T', 'G', 'G', 'G', 'G', 'A', 'G', 'T', 'G', 'C', 'G', 'G', 'C', 'C']"
A|A|G|C|C|T|G|A|A|T|G|-|G|G|A|T|G|A|A|G|T|G|T|G|G|A|C|T|C|G|G|T|T|G|C|C|G|C|T|-|A|T|A|T|G|G|G|G|A|G|T|G|C|G|G|C|C,3,Hap24,"['A', 'A', 'G', 'C', 'C', 'T', 'G', 'A', 'A', 'T', 'G', '-', 'G', 'G', 'A', 'T', 'G', 'A', 'A', 'G', 'T', 'G', 'T', 'G', 'G', 'A', 'C', 'T', 'C', 'G', 'G', 'T', 'T', 'G', 'C', 'C', 'G', 'C', 'T', '-', 'A', 'T', 'A', 'T', 'G', 'G', 'G', 'G', 'A', 'G', 'T', 'G', 'C', 'G', 'G', 'C', 'C']"
A|A|G|C|G|C|G|A|A|T|G|T|G|G|A|T|G|A|A|G|T|G|T|G|G|A|C|T|C|-|G|C|T|T|G|C|G|C|T|G|T|C|A|T|G|G|G|G|A|G|T|G|C|G|G|C|C,3,Hap25,"['A', 'A', 'G', 'C', 'G', 'C', 'G', 'A', 'A', 'T', 'G', 'T', 'G', 'G', 'A', 'T', 'G', 'A', 'A', 'G', 'T', 'G', 'T', 'G', 'G', 'A', 'C', 'T', 'C', '-', 'G', 'C', 'T', 'T', 'G', 'C', 'G', 'C', 'T', 'G', 'T', 'C', 'A', 'T', 'G', 'G', 'G', 'G', 'A', 'G', 'T', 'G', 'C', 'G', 'G', 'C', 'C']"
A|A|-|G|G|T|T|A|A|T|G|-|G|G|A|T|G|A|A|G|T|G|T|G|G|A|C|T|C|-|G|C|T|T|G|C|G|C|T|G|T|C|A|T|A|G|G|G|A|G|T|G|C|G|G|C|C,3,Hap26,"['A', 'A', '-', 'G', 'G', 'T', 'T', 'A', 'A', 'T', 'G', '-', 'G', 'G', 'A', 'T', 'G', 'A', 'A', 'G', 'T', 'G', 'T', 'G', 'G', 'A', 'C', 'T', 'C', '-', 'G', 'C', 'T', 'T', 'G', 'C', 'G', 'C', 'T', 'G', 'T', 'C', 'A', 'T', 'A', 'G', 'G', 'G', 'A', 'G', 'T', 'G', 'C', 'G', 'G', 'C', 'C']"
A|A|G|C|G|T|G|A|A|T|G|T|G|G|A|T|G|A|A|G|T|G|T|G|G|G|C|C|C|G|G|T|-|T|G|C|G|C|T|G|T|C|A|T|A|G|G|G|A|G|T|G|C|G|G|C|C,3,Hap27,"['A', 'A', 'G', 'C', 'G', 'T', 'G', 'A', 'A', 'T', 'G', 'T', 'G', 'G', 'A', 'T', 'G', 'A', 'A', 'G', 'T', 'G', 'T', 'G', 'G', 'G', 'C', 'C', 'C', 'G', 'G', 'T', '-', 'T', 'G', 'C', 'G', 'C', 'T', 'G', 'T', 'C', 'A', 'T', 'A', 'G', 'G', 'G', 'A', 'G', 'T', 'G', 'C', 'G', 'G', 'C', 'C']"
A|A|G|C|G|T|G|-|A|T|G|T|G|G|A|T|G|A|A|G|T|G|T|G|G|A|C|T|C|G|G|T|T|T|G|C|G|C|T|G|T|T|A|T|G|G|C|T|G|A|T|G|T|T|G|C|C,3,Hap28,"['A', 'A', 'G', 'C', 'G', 'T', 'G', '-', 'A', 'T', 'G', 'T', 'G', 'G', 'A', 'T', 'G', 'A', 'A', 'G', 'T', 'G', 'T', 'G', 'G', 'A', 'C', 'T', 'C', 'G', 'G', 'T', 'T', 'T', 'G', 'C', 'G', 'C', 'T', 'G', 'T', 'T', 'A', 'T', 'G', 'G', 'C', 'T', 'G', 'A', 'T', 'G', 'T', 'T', 'G', 'C', 'C']"
C|A|G|C|G|T|G|A|A|T|G|T|G|G|A|T|G|A|A|G|T|G|T|G|G|A|C|C|C|G|G|T|-|T|G|C|-|C|T|G|T|C|A|T|A|G|G|G|A|G|T|G|C|G|A|C|C,3,Hap29,"['C', 'A', 'G', 'C', 'G', 'T', 'G', 'A', 'A', 'T', 'G', 'T', 'G', 'G', 'A', 'T', 'G', 'A', 'A', 'G', 'T', 'G', 'T', 'G', 'G', 'A', 'C', 'C', 'C', 'G', 'G', 'T', '-', 'T', 'G', 'C', '-', 'C', 'T', 'G', 'T', 'C', 'A', 'T', 'A', 'G', 'G', 'G', 'A', 'G', 'T', 'G', 'C', 'G', 'A', 'C', 'C']"
A|A|G|C|G|T|G|A|A|T|G|T|G|G|A|T|G|A|A|G|T|G|T|G|G|A|C|C|C|G|G|T|T|T|G|C|G|C|T|G|T|C|A|T|G|G|G|G|A|G|T|G|C|G|G|C|C,2,Hap30,"['A', 'A', 'G', 'C', 'G', 'T', 'G', 'A', 'A', 'T', 'G', 'T', 'G', 'G', 'A', 'T', 'G', 'A', 'A', 'G', 'T', 'G', 'T', 'G', 'G', 'A', 'C', 'C', 'C', 'G', 'G', 'T', 'T', 'T', 'G', 'C', 'G', 'C', 'T', 'G', 'T', 'C', 'A', 'T', 'G', 'G', 'G', 'G', 'A', 'G', 'T', 'G', 'C', 'G', 'G', 'C', 'C']"
A|A|G|C|G|T|G|A|A|T|G|T|G|G|A|T|G|A|+|-|-|-|-|G|G|G|C|C|-|G|G|T|T|T|G|C|G|C|T|G|T|C|A|T|G|G|G|G|A|G|T|G|C|G|G|C|C,2,Hap31,"['A', 'A', 'G', 'C', 'G', 'T', 'G', 'A', 'A', 'T', 'G', 'T', 'G', 'G', 'A', 'T', 'G', 'A', '+', '-', '-', '-', '-', 'G', 'G', 'G', 'C', 'C', '-', 'G', 'G', 'T', 'T', 'T', 'G', 'C', 'G', 'C', 'T', 'G', 'T', 'C', 'A', 'T', 'G', 'G', 'G', 'G', 'A', 'G', 'T', 'G', 'C', 'G', 'G', 'C', 'C']"
A|A|G|C|G|T|G|A|A|T|G|T|G|G|A|T|G|A|A|G|T|G|T|C|G|G|C|T|C|G|G|T|T|T|G|C|G|C|T|G|T|C|A|-|G|G|G|G|A|G|T|G|C|G|G|C|C,2,Hap32,"['A', 'A', 'G', 'C', 'G', 'T', 'G', 'A', 'A', 'T', 'G', 'T', 'G', 'G', 'A', 'T', 'G', 'A', 'A', 'G', 'T', 'G', 'T', 'C', 'G', 'G', 'C', 'T', 'C', 'G', 'G', 'T', 'T', 'T', 'G', 'C', 'G', 'C', 'T', 'G', 'T', 'C', 'A', '-', 'G', 'G', 'G', 'G', 'A', 'G', 'T', 'G', 'C', 'G', 'G', 'C', 'C']"
A|A|G|C|G|T|G|A|A|T|G|T|G|G|A|T|G|A|A|G|T|G|T|G|G|A|C|C|C|G|G|T|T|T|G|C|G|C|T|G|T|T|A|T|G|G|C|T|G|A|T|G|T|T|G|C|C,2,Hap33,"['A', 'A', 'G', 'C', 'G', 'T', 'G', 'A', 'A', 'T', 'G', 'T', 'G', 'G', 'A', 'T', 'G', 'A', 'A', 'G', 'T', 'G', 'T', 'G', 'G', 'A', 'C', 'C', 'C', 'G', 'G', 'T', 'T', 'T', 'G', 'C', 'G', 'C', 'T', 'G', 'T', 'T', 'A', 'T', 'G', 'G', 'C', 'T', 'G', 'A', 'T', 'G', 'T', 'T', 'G', 'C', 'C']"
A|A|G|C|G|T|G|A|A|T|G|T|G|G|A|T|G|A|A|G|T|G|T|G|G|G|C|C|C|G|G|T|T|T|C|C|G|C|T|G|T|C|A|T|G|G|G|G|A|G|T|G|C|G|G|C|C,2,Hap34,"['A', 'A', 'G', 'C', 'G', 'T', 'G', 'A', 'A', 'T', 'G', 'T', 'G', 'G', 'A', 'T', 'G', 'A', 'A', 'G', 'T', 'G', 'T', 'G', 'G', 'G', 'C', 'C', 'C', 'G', 'G', 'T', 'T', 'T', 'C', 'C', 'G', 'C', 'T', 'G', 'T', 'C', 'A', 'T', 'G', 'G', 'G', 'G', 'A', 'G', 'T', 'G', 'C', 'G', 'G', 'C', 'C']"
A|A|G|C|G|T|G|A|A|T|G|-|G|G|A|T|G|A|A|G|T|G|T|G|G|A|C|C|C|-|G|T|T|T|G|C|G|C|T|G|T|C|A|T|G|G|G|G|A|G|T|G|C|G|G|C|C,2,Hap35,"['A', 'A', 'G', 'C', 'G', 'T', 'G', 'A', 'A', 'T', 'G', '-', 'G', 'G', 'A', 'T', 'G', 'A', 'A', 'G', 'T', 'G', 'T', 'G', 'G', 'A', 'C', 'C', 'C', '-', 'G', 'T', 'T', 'T', 'G', 'C', 'G', 'C', 'T', 'G', 'T', 'C', 'A', 'T', 'G', 'G', 'G', 'G', 'A', 'G', 'T', 'G', 'C', 'G', 'G', 'C', 'C']"
A|A|G|C|G|T|G|A|A|T|G|T|G|G|A|T|G|A|A|G|T|G|T|G|G|G|C|C|C|G|G|T|T|T|G|C|G|C|T|G|T|T|A|T|G|A|C|T|G|G|T|G|C|G|G|C|C,2,Hap36,"['A', 'A', 'G', 'C', 'G', 'T', 'G', 'A', 'A', 'T', 'G', 'T', 'G', 'G', 'A', 'T', 'G', 'A', 'A', 'G', 'T', 'G', 'T', 'G', 'G', 'G', 'C', 'C', 'C', 'G', 'G', 'T', 'T', 'T', 'G', 'C', 'G', 'C', 'T', 'G', 'T', 'T', 'A', 'T', 'G', 'A', 'C', 'T', 'G', 'G', 'T', 'G', 'C', 'G', 'G', 'C', 'C']"
A|A|G|C|G|T|G|A|A|T|G|T|G|G|A|T|G|A|A|G|T|G|T|G|G|A|C|T|C|-|G|T|T|T|G|C|G|C|T|G|T|C|G|T|G|G|G|G|A|G|T|T|C|G|G|C|G,2,Hap37,"['A', 'A', 'G', 'C', 'G', 'T', 'G', 'A', 'A', 'T', 'G', 'T', 'G', 'G', 'A', 'T', 'G', 'A', 'A', 'G', 'T', 'G', 'T', 'G', 'G', 'A', 'C', 'T', 'C', '-', 'G', 'T', 'T', 'T', 'G', 'C', 'G', 'C', 'T', 'G', 'T', 'C', 'G', 'T', 'G', 'G', 'G', 'G', 'A', 'G', 'T', 'T', 'C', 'G', 'G', 'C', 'G']"
A|A|-|G|G|T|G|A|A|T|G|-|G|G|A|T|G|A|A|G|T|G|T|G|G|A|C|C|C|G|G|T|T|G|C|C|G|C|T|-|T|C|A|T|G|A|C|T|G|G|T|G|C|G|G|C|C,2,Hap38,"['A', 'A', '-', 'G', 'G', 'T', 'G', 'A', 'A', 'T', 'G', '-', 'G', 'G', 'A', 'T', 'G', 'A', 'A', 'G', 'T', 'G', 'T', 'G', 'G', 'A', 'C', 'C', 'C', 'G', 'G', 'T', 'T', 'G', 'C', 'C', 'G', 'C', 'T', '-', 'T', 'C', 'A', 'T', 'G', 'A', 'C', 'T', 'G', 'G', 'T', 'G', 'C', 'G', 'G', 'C', 'C']"
A|A|-|G|G|T|T|A|A|T|G|T|G|G|A|T|G|A|A|G|T|G|T|G|G|A|C|C|C|-|G|T|T|T|G|C|G|C|T|G|T|C|A|T|G|G|G|G|A|G|T|G|C|G|G|C|C,2,Hap39,"['A', 'A', '-', 'G', 'G', 'T', 'T', 'A', 'A', 'T', 'G', 'T', 'G', 'G', 'A', 'T', 'G', 'A', 'A', 'G', 'T', 'G', 'T', 'G', 'G', 'A', 'C', 'C', 'C', '-', 'G', 'T', 'T', 'T', 'G', 'C', 'G', 'C', 'T', 'G', 'T', 'C', 'A', 'T', 'G', 'G', 'G', 'G', 'A', 'G', 'T', 'G', 'C', 'G', 'G', 'C', 'C']"
A|A|G|C|C|T|G|A|A|-|-|-|G|G|A|T|G|A|A|G|T|G|T|G|G|A|G|C|C|G|G|T|T|T|G|C|G|C|T|G|T|T|A|T|G|G|C|T|G|A|T|G|T|T|G|C|C,2,Hap40,"['A', 'A', 'G', 'C', 'C', 'T', 'G', 'A', 'A', '-', '-', '-', 'G', 'G', 'A', 'T', 'G', 'A', 'A', 'G', 'T', 'G', 'T', 'G', 'G', 'A', 'G', 'C', 'C', 'G', 'G', 'T', 'T', 'T', 'G', 'C', 'G', 'C', 'T', 'G', 'T', 'T', 'A', 'T', 'G', 'G', 'C', 'T', 'G', 'A', 'T', 'G', 'T', 'T', 'G', 'C', 'C']"
A|A|G|C|G|T|G|A|A|T|G|T|G|G|A|T|G|A|+|-|-|-|-|G|G|G|C|C|C|-|G|C|T|T|G|C|G|C|T|G|T|C|A|T|G|G|G|G|A|G|T|G|C|G|G|C|C,2,Hap41,"['A', 'A', 'G', 'C', 'G', 'T', 'G', 'A', 'A', 'T', 'G', 'T', 'G', 'G', 'A', 'T', 'G', 'A', '+', '-', '-', '-', '-', 'G', 'G', 'G', 'C', 'C', 'C', '-', 'G', 'C', 'T', 'T', 'G', 'C', 'G', 'C', 'T', 'G', 'T', 'C', 'A', 'T', 'G', 'G', 'G', 'G', 'A', 'G', 'T', 'G', 'C', 'G', 'G', 'C', 'C']"
A|A|G|C|G|T|G|-|A|T|G|T|G|G|A|T|G|A|A|G|T|G|T|C|G|G|C|C|C|-|G|T|T|G|G|C|G|-|-|G|T|C|G|T|G|G|G|G|A|G|T|G|C|G|G|C|G,2,Hap42,"['A', 'A', 'G', 'C', 'G', 'T', 'G', '-', 'A', 'T', 'G', 'T', 'G', 'G', 'A', 'T', 'G', 'A', 'A', 'G', 'T', 'G', 'T', 'C', 'G', 'G', 'C', 'C', 'C', '-', 'G', 'T', 'T', 'G', 'G', 'C', 'G', '-', '-', 'G', 'T', 'C', 'G', 'T', 'G', 'G', 'G', 'G', 'A', 'G', 'T', 'G', 'C', 'G', 'G', 'C', 'G']"
A|A|G|C|G|T|G|A|A|T|G|-|G|G|A|T|G|A|A|G|T|G|T|G|G|G|C|C|C|G|G|C|T|T|G|C|G|C|T|-|T|T|A|T|G|A|C|T|G|G|T|G|C|G|G|C|C,2,Hap43,"['A', 'A', 'G', 'C', 'G', 'T', 'G', 'A', 'A', 'T', 'G', '-', 'G', 'G', 'A', 'T', 'G', 'A', 'A', 'G', 'T', 'G', 'T', 'G', 'G', 'G', 'C', 'C', 'C', 'G', 'G', 'C', 'T', 'T', 'G', 'C', 'G', 'C', 'T', '-', 'T', 'T', 'A', 'T', 'G', 'A', 'C', 'T', 'G', 'G', 'T', 'G', 'C', 'G', 'G', 'C', 'C']"
A|A|G|C|G|T|G|A|A|T|G|T|G|G|A|T|G|A|A|G|T|G|T|G|G|A|C|T|C|G|G|T|T|T|C|C|G|C|T|G|T|C|A|T|G|G|G|G|A|G|T|G|C|G|G|C|G,1,Hap44,"['A', 'A', 'G', 'C', 'G', 'T', 'G', 'A', 'A', 'T', 'G', 'T', 'G', 'G', 'A', 'T', 'G', 'A', 'A', 'G', 'T', 'G', 'T', 'G', 'G', 'A', 'C', 'T', 'C', 'G', 'G', 'T', 'T', 'T', 'C', 'C', 'G', 'C', 'T', 'G', 'T', 'C', 'A', 'T', 'G', 'G', 'G', 'G', 'A', 'G', 'T', 'G', 'C', 'G', 'G', 'C', 'G']"
C|A|G|C|G|T|G|A|A|T|G|T|C|A|A|T|G|A|A|G|T|G|T|C|G|A|C|C|C|G|G|T|T|T|G|C|G|C|T|G|T|T|A|T|G|A|C|T|G|G|T|G|C|G|G|C|C,1,Hap45,"['C', 'A', 'G', 'C', 'G', 'T', 'G', 'A', 'A', 'T', 'G', 'T', 'C', 'A', 'A', 'T', 'G', 'A', 'A', 'G', 'T', 'G', 'T', 'C', 'G', 'A', 'C', 'C', 'C', 'G', 'G', 'T', 'T', 'T', 'G', 'C', 'G', 'C', 'T', 'G', 'T', 'T', 'A', 'T', 'G', 'A', 'C', 'T', 'G', 'G', 'T', 'G', 'C', 'G', 'G', 'C', 'C']"
A|A|-|G|G|T|G|A|A|T|G|T|G|G|A|T|G|A|A|G|T|G|T|G|G|A|C|C|C|-|G|T|T|T|C|C|G|-|-|G|T|C|G|T|G|G|C|T|G|G|T|G|C|G|G|C|C,1,Hap46,"['A', 'A', '-', 'G', 'G', 'T', 'G', 'A', 'A', 'T', 'G', 'T', 'G', 'G', 'A', 'T', 'G', 'A', 'A', 'G', 'T', 'G', 'T', 'G', 'G', 'A', 'C', 'C', 'C', '-', 'G', 'T', 'T', 'T', 'C', 'C', 'G', '-', '-', 'G', 'T', 'C', 'G', 'T', 'G', 'G', 'C', 'T', 'G', 'G', 'T', 'G', 'C', 'G', 'G', 'C', 'C']"
A|C|G|C|G|T|G|A|A|T|G|T|G|G|G|T|G|G|A|G|T|G|T|C|C|G|C|C|C|G|G|T|T|G|C|C|G|C|T|G|T|C|A|T|G|G|G|G|A|G|T|G|C|G|G|T|C,1,Hap47,"['A', 'C', 'G', 'C', 'G', 'T', 'G', 'A', 'A', 'T', 'G', 'T', 'G', 'G', 'G', 'T', 'G', 'G', 'A', 'G', 'T', 'G', 'T', 'C', 'C', 'G', 'C', 'C', 'C', 'G', 'G', 'T', 'T', 'G', 'C', 'C', 'G', 'C', 'T', 'G', 'T', 'C', 'A', 'T', 'G', 'G', 'G', 'G', 'A', 'G', 'T', 'G', 'C', 'G', 'G', 'T', 'C']"
A|A|G|C|G|T|G|A|A|T|G|T|G|G|A|T|G|A|A|G|T|G|T|G|G|A|C|T|C|G|G|T|T|T|C|C|G|C|T|-|T|T|A|T|G|A|C|T|A|G|T|G|C|G|G|C|C,1,Hap48,"['A', 'A', 'G', 'C', 'G', 'T', 'G', 'A', 'A', 'T', 'G', 'T', 'G', 'G', 'A', 'T', 'G', 'A', 'A', 'G', 'T', 'G', 'T', 'G', 'G', 'A', 'C', 'T', 'C', 'G', 'G', 'T', 'T', 'T', 'C', 'C', 'G', 'C', 'T', '-', 'T', 'T', 'A', 'T', 'G', 'A', 'C', 'T', 'A', 'G', 'T', 'G', 'C', 'G', 'G', 'C', 'C']"
A|A|G|C|G|T|G|A|A|T|G|-|G|G|A|T|G|A|A|G|T|G|T|G|G|G|C|C|C|G|-|T|T|T|C|C|G|C|T|G|T|T|A|T|G|G|C|T|G|G|T|G|T|G|G|C|C,1,Hap49,"['A', 'A', 'G', 'C', 'G', 'T', 'G', 'A', 'A', 'T', 'G', '-', 'G', 'G', 'A', 'T', 'G', 'A', 'A', 'G', 'T', 'G', 'T', 'G', 'G', 'G', 'C', 'C', 'C', 'G', '-', 'T', 'T', 'T', 'C', 'C', 'G', 'C', 'T', 'G', 'T', 'T', 'A', 'T', 'G', 'G', 'C', 'T', 'G', 'G', 'T', 'G', 'T', 'G', 'G', 'C', 'C']"
A|A|-|G|G|T|G|A|A|T|G|T|G|G|A|T|G|A|A|G|T|G|T|G|G|A|C|T|C|G|G|T|T|T|G|C|G|-|-|G|T|T|A|T|G|G|C|T|G|G|T|G|C|G|G|C|C,1,Hap50,"['A', 'A', '-', 'G', 'G', 'T', 'G', 'A', 'A', 'T', 'G', 'T', 'G', 'G', 'A', 'T', 'G', 'A', 'A', 'G', 'T', 'G', 'T', 'G', 'G', 'A', 'C', 'T', 'C', 'G', 'G', 'T', 'T', 'T', 'G', 'C', 'G', '-', '-', 'G', 'T', 'T', 'A', 'T', 'G', 'G', 'C', 'T', 'G', 'G', 'T', 'G', 'C', 'G', 'G', 'C', 'C']"
A|A|G|C|C|T|G|A|A|T|G|-|G|G|A|T|G|A|A|G|T|G|T|G|G|A|C|T|C|G|G|C|T|T|G|C|G|C|T|G|T|T|A|T|G|G|G|G|A|G|T|G|C|G|G|C|C,1,Hap51,"['A', 'A', 'G', 'C', 'C', 'T', 'G', 'A', 'A', 'T', 'G', '-', 'G', 'G', 'A', 'T', 'G', 'A', 'A', 'G', 'T', 'G', 'T', 'G', 'G', 'A', 'C', 'T', 'C', 'G', 'G', 'C', 'T', 'T', 'G', 'C', 'G', 'C', 'T', 'G', 'T', 'T', 'A', 'T', 'G', 'G', 'G', 'G', 'A', 'G', 'T', 'G', 'C', 'G', 'G', 'C', 'C']"
A|A|G|C|G|T|G|A|A|T|G|T|G|G|A|T|G|A|A|G|T|G|T|G|G|A|C|T|C|G|G|T|T|T|G|C|G|-|-|-|T|T|A|T|G|G|G|G|A|G|T|G|C|G|G|C|C,1,Hap52,"['A', 'A', 'G', 'C', 'G', 'T', 'G', 'A', 'A', 'T', 'G', 'T', 'G', 'G', 'A', 'T', 'G', 'A', 'A', 'G', 'T', 'G', 'T', 'G', 'G', 'A', 'C', 'T', 'C', 'G', 'G', 'T', 'T', 'T', 'G', 'C', 'G', '-', '-', '-', 'T', 'T', 'A', 'T', 'G', 'G', 'G', 'G', 'A', 'G', 'T', 'G', 'C', 'G', 'G', 'C', 'C']"
A|A|G|C|G|T|G|A|A|T|G|T|C|G|A|T|G|A|A|G|T|G|T|G|G|G|C|C|C|G|G|T|T|T|G|C|G|-|-|G|T|T|A|T|G|G|C|T|G|G|T|G|C|G|G|C|C,1,Hap53,"['A', 'A', 'G', 'C', 'G', 'T', 'G', 'A', 'A', 'T', 'G', 'T', 'C', 'G', 'A', 'T', 'G', 'A', 'A', 'G', 'T', 'G', 'T', 'G', 'G', 'G', 'C', 'C', 'C', 'G', 'G', 'T', 'T', 'T', 'G', 'C', 'G', '-', '-', 'G', 'T', 'T', 'A', 'T', 'G', 'G', 'C', 'T', 'G', 'G', 'T', 'G', 'C', 'G', 'G', 'C', 'C']"
A|A|G|C|G|T|G|A|A|T|G|-|G|G|A|T|G|A|A|G|T|G|T|G|G|G|C|C|C|G|G|T|T|T|C|C|G|C|T|G|T|C|A|T|G|G|G|G|A|G|T|G|C|G|G|C|C,1,Hap54,"['A', 'A', 'G', 'C', 'G', 'T', 'G', 'A', 'A', 'T', 'G', '-', 'G', 'G', 'A', 'T', 'G', 'A', 'A', 'G', 'T', 'G', 'T', 'G', 'G', 'G', 'C', 'C', 'C', 'G', 'G', 'T', 'T', 'T', 'C', 'C', 'G', 'C', 'T', 'G', 'T', 'C', 'A', 'T', 'G', 'G', 'G', 'G', 'A', 'G', 'T', 'G', 'C', 'G', 'G', 'C', 'C']"
A|A|-|G|G|T|G|A|A|T|G|-|G|G|A|T|G|A|A|G|T|G|T|G|G|A|C|T|C|-|G|T|T|T|G|C|G|C|T|G|T|C|A|T|G|G|G|G|A|G|T|G|C|G|G|C|C,1,Hap55,"['A', 'A', '-', 'G', 'G', 'T', 'G', 'A', 'A', 'T', 'G', '-', 'G', 'G', 'A', 'T', 'G', 'A', 'A', 'G', 'T', 'G', 'T', 'G', 'G', 'A', 'C', 'T', 'C', '-', 'G', 'T', 'T', 'T', 'G', 'C', 'G', 'C', 'T', 'G', 'T', 'C', 'A', 'T', 'G', 'G', 'G', 'G', 'A', 'G', 'T', 'G', 'C', 'G', 'G', 'C', 'C']"
A|A|G|C|G|T|G|A|A|T|G|T|G|G|A|T|G|A|A|G|T|G|T|G|G|A|C|T|C|-|G|T|T|T|G|C|G|C|T|G|T|C|G|T|G|G|G|G|A|G|T|G|C|G|G|C|G,1,Hap56,"['A', 'A', 'G', 'C', 'G', 'T', 'G', 'A', 'A', 'T', 'G', 'T', 'G', 'G', 'A', 'T', 'G', 'A', 'A', 'G', 'T', 'G', 'T', 'G', 'G', 'A', 'C', 'T', 'C', '-', 'G', 'T', 'T', 'T', 'G', 'C', 'G', 'C', 'T', 'G', 'T', 'C', 'G', 'T', 'G', 'G', 'G', 'G', 'A', 'G', 'T', 'G', 'C', 'G', 'G', 'C', 'G']"
A|A|G|C|C|T|G|A|C|T|G|-|G|G|A|C|G|A|A|G|T|G|T|G|G|A|C|C|C|G|G|T|T|T|G|C|G|C|T|G|T|C|A|T|G|G|G|G|A|G|T|G|C|G|G|C|C,1,Hap57,"['A', 'A', 'G', 'C', 'C', 'T', 'G', 'A', 'C', 'T', 'G', '-', 'G', 'G', 'A', 'C', 'G', 'A', 'A', 'G', 'T', 'G', 'T', 'G', 'G', 'A', 'C', 'C', 'C', 'G', 'G', 'T', 'T', 'T', 'G', 'C', 'G', 'C', 'T', 'G', 'T', 'C', 'A', 'T', 'G', 'G', 'G', 'G', 'A', 'G', 'T', 'G', 'C', 'G', 'G', 'C', 'C']"
A|A|G|C|C|T|G|A|A|T|G|-|G|G|A|T|G|A|A|G|T|G|T|G|G|A|C|T|C|G|G|T|T|T|G|T|-|C|T|G|T|C|A|T|G|G|G|G|A|G|T|G|C|G|G|C|C,1,Hap58,"['A', 'A', 'G', 'C', 'C', 'T', 'G', 'A', 'A', 'T', 'G', '-', 'G', 'G', 'A', 'T', 'G', 'A', 'A', 'G', 'T', 'G', 'T', 'G', 'G', 'A', 'C', 'T', 'C', 'G', 'G', 'T', 'T', 'T', 'G', 'T', '-', 'C', 'T', 'G', 'T', 'C', 'A', 'T', 'G', 'G', 'G', 'G', 'A', 'G', 'T', 'G', 'C', 'G', 'G', 'C', 'C']"
A|A|G|C|G|T|G|A|A|T|G|T|C|A|A|T|G|A|A|G|T|G|T|G|C|A|C|C|C|G|G|T|T|G|C|C|G|C|T|-|T|C|A|T|G|G|G|G|A|G|T|G|C|G|G|T|C,1,Hap59,"['A', 'A', 'G', 'C', 'G', 'T', 'G', 'A', 'A', 'T', 'G', 'T', 'C', 'A', 'A', 'T', 'G', 'A', 'A', 'G', 'T', 'G', 'T', 'G', 'C', 'A', 'C', 'C', 'C', 'G', 'G', 'T', 'T', 'G', 'C', 'C', 'G', 'C', 'T', '-', 'T', 'C', 'A', 'T', 'G', 'G', 'G', 'G', 'A', 'G', 'T', 'G', 'C', 'G', 'G', 'T', 'C']"
A|A|G|C|G|T|G|A|A|T|G|-|G|G|A|T|G|A|A|G|T|G|T|G|G|A|C|C|C|G|G|T|T|G|C|C|G|C|T|-|T|T|A|T|G|G|C|T|G|G|T|G|C|G|G|C|C,1,Hap60,"['A', 'A', 'G', 'C', 'G', 'T', 'G', 'A', 'A', 'T', 'G', '-', 'G', 'G', 'A', 'T', 'G', 'A', 'A', 'G', 'T', 'G', 'T', 'G', 'G', 'A', 'C', 'C', 'C', 'G', 'G', 'T', 'T', 'G', 'C', 'C', 'G', 'C', 'T', '-', 'T', 'T', 'A', 'T', 'G', 'G', 'C', 'T', 'G', 'G', 'T', 'G', 'C', 'G', 'G', 'C', 'C']"
C|A|G|C|G|T|G|A|A|T|G|T|G|G|A|T|G|A|A|G|T|G|T|G|G|G|C|C|C|G|G|T|T|G|C|C|G|C|T|-|T|T|A|T|G|G|C|T|G|G|T|G|C|G|G|C|C,1,Hap61,"['C', 'A', 'G', 'C', 'G', 'T', 'G', 'A', 'A', 'T', 'G', 'T', 'G', 'G', 'A', 'T', 'G', 'A', 'A', 'G', 'T', 'G', 'T', 'G', 'G', 'G', 'C', 'C', 'C', 'G', 'G', 'T', 'T', 'G', 'C', 'C', 'G', 'C', 'T', '-', 'T', 'T', 'A', 'T', 'G', 'G', 'C', 'T', 'G', 'G', 'T', 'G', 'C', 'G', 'G', 'C', 'C']"
A|A|G|C|G|T|G|A|A|T|G|T|G|G|A|T|G|A|A|G|T|G|T|G|G|G|C|C|C|G|G|T|T|T|G|T|-|C|T|G|T|C|A|T|A|G|G|G|A|G|T|G|C|G|G|T|C,1,Hap62,"['A', 'A', 'G', 'C', 'G', 'T', 'G', 'A', 'A', 'T', 'G', 'T', 'G', 'G', 'A', 'T', 'G', 'A', 'A', 'G', 'T', 'G', 'T', 'G', 'G', 'G', 'C', 'C', 'C', 'G', 'G', 'T', 'T', 'T', 'G', 'T', '-', 'C', 'T', 'G', 'T', 'C', 'A', 'T', 'A', 'G', 'G', 'G', 'A', 'G', 'T', 'G', 'C', 'G', 'G', 'T', 'C']"
A|A|G|C|G|T|G|A|A|T|G|T|G|G|A|T|G|G|A|G|T|G|T|G|G|A|C|C|C|-|G|C|T|T|G|C|G|C|T|G|T|C|A|T|G|G|G|G|A|G|T|G|C|G|G|C|C,1,Hap63,"['A', 'A', 'G', 'C', 'G', 'T', 'G', 'A', 'A', 'T', 'G', 'T', 'G', 'G', 'A', 'T', 'G', 'G', 'A', 'G', 'T', 'G', 'T', 'G', 'G', 'A', 'C', 'C', 'C', '-', 'G', 'C', 'T', 'T', 'G', 'C', 'G', 'C', 'T', 'G', 'T', 'C', 'A', 'T', 'G', 'G', 'G', 'G', 'A', 'G', 'T', 'G', 'C', 'G', 'G', 'C', 'C']"
A|A|G|C|C|T|G|A|A|-|-|-|G|G|A|T|G|A|A|G|T|G|T|G|G|G|C|C|C|G|G|T|T|T|G|C|G|C|T|G|T|T|A|T|G|G|C|T|G|G|T|G|C|G|G|C|C,1,Hap64,"['A', 'A', 'G', 'C', 'C', 'T', 'G', 'A', 'A', '-', '-', '-', 'G', 'G', 'A', 'T', 'G', 'A', 'A', 'G', 'T', 'G', 'T', 'G', 'G', 'G', 'C', 'C', 'C', 'G', 'G', 'T', 'T', 'T', 'G', 'C', 'G', 'C', 'T', 'G', 'T', 'T', 'A', 'T', 'G', 'G', 'C', 'T', 'G', 'G', 'T', 'G', 'C', 'G', 'G', 'C', 'C']"
A|A|G|C|G|T|G|A|A|T|G|-|G|G|A|T|G|A|A|G|T|G|T|G|G|A|C|C|C|-|G|C|T|T|G|C|G|C|T|G|T|C|A|T|G|G|G|G|A|G|T|G|C|G|G|C|C,1,Hap65,"['A', 'A', 'G', 'C', 'G', 'T', 'G', 'A', 'A', 'T', 'G', '-', 'G', 'G', 'A', 'T', 'G', 'A', 'A', 'G', 'T', 'G', 'T', 'G', 'G', 'A', 'C', 'C', 'C', '-', 'G', 'C', 'T', 'T', 'G', 'C', 'G', 'C', 'T', 'G', 'T', 'C', 'A', 'T', 'G', 'G', 'G', 'G', 'A', 'G', 'T', 'G', 'C', 'G', 'G', 'C', 'C']"
A|A|G|C|G|T|G|A|A|T|G|T|G|G|A|T|G|A|A|G|T|G|T|G|G|G|C|C|C|G|G|T|T|G|C|C|G|C|T|G|T|C|A|T|G|G|G|G|A|G|T|G|C|G|G|C|C,1,Hap66,"['A', 'A', 'G', 'C', 'G', 'T', 'G', 'A', 'A', 'T', 'G', 'T', 'G', 'G', 'A', 'T', 'G', 'A', 'A', 'G', 'T', 'G', 'T', 'G', 'G', 'G', 'C', 'C', 'C', 'G', 'G', 'T', 'T', 'G', 'C', 'C', 'G', 'C', 'T', 'G', 'T', 'C', 'A', 'T', 'G', 'G', 'G', 'G', 'A', 'G', 'T', 'G', 'C', 'G', 'G', 'C', 'C']"
A|A|G|C|G|T|G|-|A|T|G|T|G|G|A|T|G|A|A|G|T|G|T|G|G|A|C|C|C|G|G|T|T|T|G|C|G|C|T|G|T|T|A|T|G|A|C|T|G|G|T|G|C|G|G|C|C,1,Hap67,"['A', 'A', 'G', 'C', 'G', 'T', 'G', '-', 'A', 'T', 'G', 'T', 'G', 'G', 'A', 'T', 'G', 'A', 'A', 'G', 'T', 'G', 'T', 'G', 'G', 'A', 'C', 'C', 'C', 'G', 'G', 'T', 'T', 'T', 'G', 'C', 'G', 'C', 'T', 'G', 'T', 'T', 'A', 'T', 'G', 'A', 'C', 'T', 'G', 'G', 'T', 'G', 'C', 'G', 'G', 'C', 'C']"
A|A|G|C|G|T|G|A|A|T|G|T|G|G|A|T|G|A|A|G|T|G|T|C|G|G|C|T|C|G|G|T|T|T|G|C|G|C|T|G|T|C|A|T|G|G|G|G|A|G|T|G|C|G|G|C|C,1,Hap68,"['A', 'A', 'G', 'C', 'G', 'T', 'G', 'A', 'A', 'T', 'G', 'T', 'G', 'G', 'A', 'T', 'G', 'A', 'A', 'G', 'T', 'G', 'T', 'C', 'G', 'G', 'C', 'T', 'C', 'G', 'G', 'T', 'T', 'T', 'G', 'C', 'G', 'C', 'T', 'G', 'T', 'C', 'A', 'T', 'G', 'G', 'G', 'G', 'A', 'G', 'T', 'G', 'C', 'G', 'G', 'C', 'C']"
A|A|G|C|G|T|G|A|A|T|G|T|C|A|A|T|G|A|A|G|T|G|T|G|C|A|C|C|C|G|G|T|T|G|C|C|G|C|T|-|T|C|A|T|A|G|G|G|A|G|T|G|C|G|G|C|C,1,Hap69,"['A', 'A', 'G', 'C', 'G', 'T', 'G', 'A', 'A', 'T', 'G', 'T', 'C', 'A', 'A', 'T', 'G', 'A', 'A', 'G', 'T', 'G', 'T', 'G', 'C', 'A', 'C', 'C', 'C', 'G', 'G', 'T', 'T', 'G', 'C', 'C', 'G', 'C', 'T', '-', 'T', 'C', 'A', 'T', 'A', 'G', 'G', 'G', 'A', 'G', 'T', 'G', 'C', 'G', 'G', 'C', 'C']"
A|A|G|C|G|T|G|A|A|T|G|T|G|G|A|T|G|A|A|G|T|G|T|G|G|A|G|C|C|G|G|C|T|T|G|C|G|C|T|G|T|C|A|T|G|G|G|G|A|G|T|G|C|G|G|C|C,1,Hap70,"['A', 'A', 'G', 'C', 'G', 'T', 'G', 'A', 'A', 'T', 'G', 'T', 'G', 'G', 'A', 'T', 'G', 'A', 'A', 'G', 'T', 'G', 'T', 'G', 'G', 'A', 'G', 'C', 'C', 'G', 'G', 'C', 'T', 'T', 'G', 'C', 'G', 'C', 'T', 'G', 'T', 'C', 'A', 'T', 'G', 'G', 'G', 'G', 'A', 'G', 'T', 'G', 'C', 'G', 'G', 'C', 'C']"
A|A|G|C|C|T|G|A|A|T|G|-|G|G|A|T|G|A|A|G|T|G|T|G|G|A|C|C|-|G|G|T|T|G|C|C|G|C|T|G|T|T|A|T|G|G|C|T|G|G|T|G|C|G|G|C|C,1,Hap71,"['A', 'A', 'G', 'C', 'C', 'T', 'G', 'A', 'A', 'T', 'G', '-', 'G', 'G', 'A', 'T', 'G', 'A', 'A', 'G', 'T', 'G', 'T', 'G', 'G', 'A', 'C', 'C', '-', 'G', 'G', 'T', 'T', 'G', 'C', 'C', 'G', 'C', 'T', 'G', 'T', 'T', 'A', 'T', 'G', 'G', 'C', 'T', 'G', 'G', 'T', 'G', 'C', 'G', 'G', 'C', 'C']"
A|C|G|C|G|T|G|A|A|T|G|T|G|A|A|T|G|A|A|G|T|G|T|G|C|A|C|C|C|G|G|T|T|G|C|C|G|C|T|-|A|T|A|T|A|G|G|G|A|G|T|G|C|G|G|C|C,1,Hap72,"['A', 'C', 'G', 'C', 'G', 'T', 'G', 'A', 'A', 'T', 'G', 'T', 'G', 'A', 'A', 'T', 'G', 'A', 'A', 'G', 'T', 'G', 'T', 'G', 'C', 'A', 'C', 'C', 'C', 'G', 'G', 'T', 'T', 'G', 'C', 'C', 'G', 'C', 'T', '-', 'A', 'T', 'A', 'T', 'A', 'G', 'G', 'G', 'A', 'G', 'T', 'G', 'C', 'G', 'G', 'C', 'C']"
A|A|G|C|G|T|G|A|A|T|G|T|G|G|A|T|G|G|A|G|T|G|T|G|G|G|C|C|C|G|G|C|T|T|G|C|G|C|T|G|T|C|A|T|G|G|G|G|A|G|T|G|C|G|G|C|C,1,Hap73,"['A', 'A', 'G', 'C', 'G', 'T', 'G', 'A', 'A', 'T', 'G', 'T', 'G', 'G', 'A', 'T', 'G', 'G', 'A', 'G', 'T', 'G', 'T', 'G', 'G', 'G', 'C', 'C', 'C', 'G', 'G', 'C', 'T', 'T', 'G', 'C', 'G', 'C', 'T', 'G', 'T', 'C', 'A', 'T', 'G', 'G', 'G', 'G', 'A', 'G', 'T', 'G', 'C', 'G', 'G', 'C', 'C']"
A|A|G|C|G|T|G|A|A|T|G|T|G|G|A|T|G|G|A|G|T|G|T|G|G|G|C|C|C|-|G|C|T|T|G|C|G|C|T|-|T|T|A|T|G|A|C|T|G|G|T|G|C|G|G|C|C,1,Hap74,"['A', 'A', 'G', 'C', 'G', 'T', 'G', 'A', 'A', 'T', 'G', 'T', 'G', 'G', 'A', 'T', 'G', 'G', 'A', 'G', 'T', 'G', 'T', 'G', 'G', 'G', 'C', 'C', 'C', '-', 'G', 'C', 'T', 'T', 'G', 'C', 'G', 'C', 'T', '-', 'T', 'T', 'A', 'T', 'G', 'A', 'C', 'T', 'G', 'G', 'T', 'G', 'C', 'G', 'G', 'C', 'C']"
A|A|G|C|G|T|G|A|A|T|G|-|G|G|A|T|G|A|A|G|T|G|T|G|G|G|C|C|C|G|G|T|T|T|G|C|G|C|T|-|T|T|A|T|G|A|C|T|G|G|T|G|C|G|G|C|C,1,Hap75,"['A', 'A', 'G', 'C', 'G', 'T', 'G', 'A', 'A', 'T', 'G', '-', 'G', 'G', 'A', 'T', 'G', 'A', 'A', 'G', 'T', 'G', 'T', 'G', 'G', 'G', 'C', 'C', 'C', 'G', 'G', 'T', 'T', 'T', 'G', 'C', 'G', 'C', 'T', '-', 'T', 'T', 'A', 'T', 'G', 'A', 'C', 'T', 'G', 'G', 'T', 'G', 'C', 'G', 'G', 'C', 'C']"
A|A|G|C|G|T|G|A|A|T|G|-|G|G|A|T|G|A|A|G|T|G|T|G|G|A|C|C|C|G|G|T|T|T|G|C|G|C|T|G|T|T|A|T|G|G|C|T|G|A|T|G|T|T|G|C|C,1,Hap76,"['A', 'A', 'G', 'C', 'G', 'T', 'G', 'A', 'A', 'T', 'G', '-', 'G', 'G', 'A', 'T', 'G', 'A', 'A', 'G', 'T', 'G', 'T', 'G', 'G', 'A', 'C', 'C', 'C', 'G', 'G', 'T', 'T', 'T', 'G', 'C', 'G', 'C', 'T', 'G', 'T', 'T', 'A', 'T', 'G', 'G', 'C', 'T', 'G', 'A', 'T', 'G', 'T', 'T', 'G', 'C', 'C']"
A|A|G|C|G|T|G|A|A|T|G|T|G|G|A|T|G|A|A|G|T|G|T|G|G|A|C|C|C|G|G|T|T|G|C|C|G|C|T|-|A|T|A|T|A|G|G|G|A|G|T|G|C|G|G|C|C,1,Hap77,"['A', 'A', 'G', 'C', 'G', 'T', 'G', 'A', 'A', 'T', 'G', 'T', 'G', 'G', 'A', 'T', 'G', 'A', 'A', 'G', 'T', 'G', 'T', 'G', 'G', 'A', 'C', 'C', 'C', 'G', 'G', 'T', 'T', 'G', 'C', 'C', 'G', 'C', 'T', '-', 'A', 'T', 'A', 'T', 'A', 'G', 'G', 'G', 'A', 'G', 'T', 'G', 'C', 'G', 'G', 'C', 'C']"
A|A|G|C|G|T|G|A|A|T|G|T|G|G|A|T|G|A|A|G|T|G|T|G|G|G|C|C|C|G|G|T|T|G|C|C|G|C|T|G|T|T|A|T|G|G|C|T|G|G|T|G|C|G|G|C|C,1,Hap78,"['A', 'A', 'G', 'C', 'G', 'T', 'G', 'A', 'A', 'T', 'G', 'T', 'G', 'G', 'A', 'T', 'G', 'A', 'A', 'G', 'T', 'G', 'T', 'G', 'G', 'G', 'C', 'C', 'C', 'G', 'G', 'T', 'T', 'G', 'C', 'C', 'G', 'C', 'T', 'G', 'T', 'T', 'A', 'T', 'G', 'G', 'C', 'T', 'G', 'G', 'T', 'G', 'C', 'G', 'G', 'C', 'C']"
A|A|G|C|G|T|G|A|A|T|G|T|G|G|A|T|G|A|A|G|T|G|T|G|G|A|C|C|C|G|G|T|T|G|C|C|G|C|T|G|T|C|A|T|G|G|G|G|A|G|T|G|C|G|G|C|C,1,Hap79,"['A', 'A', 'G', 'C', 'G', 'T', 'G', 'A', 'A', 'T', 'G', 'T', 'G', 'G', 'A', 'T', 'G', 'A', 'A', 'G', 'T', 'G', 'T', 'G', 'G', 'A', 'C', 'C', 'C', 'G', 'G', 'T', 'T', 'G', 'C', 'C', 'G', 'C', 'T', 'G', 'T', 'C', 'A', 'T', 'G', 'G', 'G', 'G', 'A', 'G', 'T', 'G', 'C', 'G', 'G', 'C', 'C']"
A|A|G|C|C|T|G|A|A|T|G|T|G|G|A|T|G|A|A|G|T|G|T|G|G|A|C|C|C|G|G|T|T|T|G|C|G|-|-|G|T|T|A|T|G|G|C|T|G|G|T|G|C|G|G|C|C,1,Hap80,"['A', 'A', 'G', 'C', 'C', 'T', 'G', 'A', 'A', 'T', 'G', 'T', 'G', 'G', 'A', 'T', 'G', 'A', 'A', 'G', 'T', 'G', 'T', 'G', 'G', 'A', 'C', 'C', 'C', 'G', 'G', 'T', 'T', 'T', 'G', 'C', 'G', '-', '-', 'G', 'T', 'T', 'A', 'T', 'G', 'G', 'C', 'T', 'G', 'G', 'T', 'G', 'C', 'G', 'G', 'C', 'C']"
A|A|G|C|C|T|G|A|A|T|G|-|G|G|A|T|G|A|A|G|T|G|T|G|G|G|C|T|C|-|G|T|T|T|G|T|-|C|T|G|T|C|A|T|G|G|G|G|A|G|T|G|C|G|G|C|C,1,Hap81,"['A', 'A', 'G', 'C', 'C', 'T', 'G', 'A', 'A', 'T', 'G', '-', 'G', 'G', 'A', 'T', 'G', 'A', 'A', 'G', 'T', 'G', 'T', 'G', 'G', 'G', 'C', 'T', 'C', '-', 'G', 'T', 'T', 'T', 'G', 'T', '-', 'C', 'T', 'G', 'T', 'C', 'A', 'T', 'G', 'G', 'G', 'G', 'A', 'G', 'T', 'G', 'C', 'G', 'G', 'C', 'C']"
A|A|G|C|G|T|G|A|A|T|G|T|C|A|A|T|G|A|A|G|T|G|T|G|G|A|C|C|C|G|G|T|T|G|C|C|G|C|T|-|A|T|A|T|A|G|G|G|A|G|T|G|C|G|G|C|C,1,Hap82,"['A', 'A', 'G', 'C', 'G', 'T', 'G', 'A', 'A', 'T', 'G', 'T', 'C', 'A', 'A', 'T', 'G', 'A', 'A', 'G', 'T', 'G', 'T', 'G', 'G', 'A', 'C', 'C', 'C', 'G', 'G', 'T', 'T', 'G', 'C', 'C', 'G', 'C', 'T', '-', 'A', 'T', 'A', 'T', 'A', 'G', 'G', 'G', 'A', 'G', 'T', 'G', 'C', 'G', 'G', 'C', 'C']"
A|A|G|C|G|T|G|A|A|T|G|T|C|A|A|T|G|A|A|G|T|G|T|G|C|A|C|C|C|G|G|T|T|G|C|C|G|C|T|G|T|C|A|T|A|G|G|G|A|G|T|G|C|G|G|C|C,1,Hap83,"['A', 'A', 'G', 'C', 'G', 'T', 'G', 'A', 'A', 'T', 'G', 'T', 'C', 'A', 'A', 'T', 'G', 'A', 'A', 'G', 'T', 'G', 'T', 'G', 'C', 'A', 'C', 'C', 'C', 'G', 'G', 'T', 'T', 'G', 'C', 'C', 'G', 'C', 'T', 'G', 'T', 'C', 'A', 'T', 'A', 'G', 'G', 'G', 'A', 'G', 'T', 'G', 'C', 'G', 'G', 'C', 'C']"
A|A|G|C|C|T|G|A|A|T|G|T|G|G|A|T|G|A|A|G|T|G|T|G|G|A|C|C|C|G|G|T|T|G|C|C|G|C|T|G|T|T|A|T|G|G|G|G|A|G|T|G|C|G|G|C|C,1,Hap84,"['A', 'A', 'G', 'C', 'C', 'T', 'G', 'A', 'A', 'T', 'G', 'T', 'G', 'G', 'A', 'T', 'G', 'A', 'A', 'G', 'T', 'G', 'T', 'G', 'G', 'A', 'C', 'C', 'C', 'G', 'G', 'T', 'T', 'G', 'C', 'C', 'G', 'C', 'T', 'G', 'T', 'T', 'A', 'T', 'G', 'G', 'G', 'G', 'A', 'G', 'T', 'G', 'C', 'G', 'G', 'C', 'C']"
A|A|G|C|G|T|G|A|A|T|G|T|G|G|A|T|G|A|A|G|T|G|T|G|G|A|C|T|C|G|G|T|T|G|C|C|G|C|T|-|A|T|A|T|G|G|G|G|A|G|T|G|C|G|G|C|C,1,Hap85,"['A', 'A', 'G', 'C', 'G', 'T', 'G', 'A', 'A', 'T', 'G', 'T', 'G', 'G', 'A', 'T', 'G', 'A', 'A', 'G', 'T', 'G', 'T', 'G', 'G', 'A', 'C', 'T', 'C', 'G', 'G', 'T', 'T', 'G', 'C', 'C', 'G', 'C', 'T', '-', 'A', 'T', 'A', 'T', 'G', 'G', 'G', 'G', 'A', 'G', 'T', 'G', 'C', 'G', 'G', 'C', 'C']"
A|A|G|C|G|T|G|A|A|T|G|T|G|G|A|T|G|A|A|G|T|G|T|G|G|A|C|C|C|G|G|T|T|T|C|C|G|C|T|G|T|C|A|T|G|G|G|G|A|G|T|G|C|G|G|C|C,1,Hap86,"['A', 'A', 'G', 'C', 'G', 'T', 'G', 'A', 'A', 'T', 'G', 'T', 'G', 'G', 'A', 'T', 'G', 'A', 'A', 'G', 'T', 'G', 'T', 'G', 'G', 'A', 'C', 'C', 'C', 'G', 'G', 'T', 'T', 'T', 'C', 'C', 'G', 'C', 'T', 'G', 'T', 'C', 'A', 'T', 'G', 'G', 'G', 'G', 'A', 'G', 'T', 'G', 'C', 'G', 'G', 'C', 'C']"
A|A|G|C|G|T|G|A|A|T|G|T|G|G|A|T|G|A|A|G|T|G|T|G|G|A|C|T|C|G|G|T|T|G|C|C|G|C|T|-|T|T|A|T|G|G|G|G|A|G|T|G|C|G|G|C|C,1,Hap87,"['A', 'A', 'G', 'C', 'G', 'T', 'G', 'A', 'A', 'T', 'G', 'T', 'G', 'G', 'A', 'T', 'G', 'A', 'A', 'G', 'T', 'G', 'T', 'G', 'G', 'A', 'C', 'T', 'C', 'G', 'G', 'T', 'T', 'G', 'C', 'C', 'G', 'C', 'T', '-', 'T', 'T', 'A', 'T', 'G', 'G', 'G', 'G', 'A', 'G', 'T', 'G', 'C', 'G', 'G', 'C', 'C']"
A|A|G|C|G|T|G|A|A|T|G|T|G|G|A|C|G|A|A|G|T|G|T|G|G|A|C|C|C|G|G|T|T|T|G|C|G|C|T|G|T|C|A|T|G|G|G|G|A|G|T|G|C|G|G|C|C,1,Hap88,"['A', 'A', 'G', 'C', 'G', 'T', 'G', 'A', 'A', 'T', 'G', 'T', 'G', 'G', 'A', 'C', 'G', 'A', 'A', 'G', 'T', 'G', 'T', 'G', 'G', 'A', 'C', 'C', 'C', 'G', 'G', 'T', 'T', 'T', 'G', 'C', 'G', 'C', 'T', 'G', 'T', 'C', 'A', 'T', 'G', 'G', 'G', 'G', 'A', 'G', 'T', 'G', 'C', 'G', 'G', 'C', 'C']"
A|A|G|C|C|T|G|A|A|T|G|-|G|G|A|T|G|A|A|G|T|G|T|G|G|A|C|C|-|G|G|T|T|T|G|C|G|C|T|G|T|T|A|T|G|G|C|T|G|G|T|G|C|G|G|C|C,1,Hap89,"['A', 'A', 'G', 'C', 'C', 'T', 'G', 'A', 'A', 'T', 'G', '-', 'G', 'G', 'A', 'T', 'G', 'A', 'A', 'G', 'T', 'G', 'T', 'G', 'G', 'A', 'C', 'C', '-', 'G', 'G', 'T', 'T', 'T', 'G', 'C', 'G', 'C', 'T', 'G', 'T', 'T', 'A', 'T', 'G', 'G', 'C', 'T', 'G', 'G', 'T', 'G', 'C', 'G', 'G', 'C', 'C']"
A|A|G|C|G|T|G|A|A|T|G|T|C|A|A|T|G|A|A|G|T|G|T|G|G|G|C|C|C|G|G|T|T|G|C|C|G|C|T|-|A|T|A|T|G|G|G|G|A|G|T|G|C|G|G|C|C,1,Hap90,"['A', 'A', 'G', 'C', 'G', 'T', 'G', 'A', 'A', 'T', 'G', 'T', 'C', 'A', 'A', 'T', 'G', 'A', 'A', 'G', 'T', 'G', 'T', 'G', 'G', 'G', 'C', 'C', 'C', 'G', 'G', 'T', 'T', 'G', 'C', 'C', 'G', 'C', 'T', '-', 'A', 'T', 'A', 'T', 'G', 'G', 'G', 'G', 'A', 'G', 'T', 'G', 'C', 'G', 'G', 'C', 'C']"
A|A|G|C|G|C|G|A|A|T|G|T|G|G|A|T|G|A|A|G|T|G|T|G|G|A|C|T|C|-|G|T|T|T|G|C|G|C|T|G|T|C|G|T|G|G|G|G|A|G|T|G|C|G|G|C|C,1,Hap91,"['A', 'A', 'G', 'C', 'G', 'C', 'G', 'A', 'A', 'T', 'G', 'T', 'G', 'G', 'A', 'T', 'G', 'A', 'A', 'G', 'T', 'G', 'T', 'G', 'G', 'A', 'C', 'T', 'C', '-', 'G', 'T', 'T', 'T', 'G', 'C', 'G', 'C', 'T', 'G', 'T', 'C', 'G', 'T', 'G', 'G', 'G', 'G', 'A', 'G', 'T', 'G', 'C', 'G', 'G', 'C', 'C']"
A|A|G|C|G|T|G|A|A|T|G|-|G|G|A|T|G|A|A|G|T|G|T|G|G|A|C|C|C|G|G|T|T|T|G|C|G|C|T|G|T|C|A|T|G|G|G|G|A|G|T|G|C|G|G|C|C,1,Hap92,"['A', 'A', 'G', 'C', 'G', 'T', 'G', 'A', 'A', 'T', 'G', '-', 'G', 'G', 'A', 'T', 'G', 'A', 'A', 'G', 'T', 'G', 'T', 'G', 'G', 'A', 'C', 'C', 'C', 'G', 'G', 'T', 'T', 'T', 'G', 'C', 'G', 'C', 'T', 'G', 'T', 'C', 'A', 'T', 'G', 'G', 'G', 'G', 'A', 'G', 'T', 'G', 'C', 'G', 'G', 'C', 'C']"
A|A|G|C|G|T|G|A|A|T|G|T|G|G|A|T|G|A|A|G|T|G|T|C|G|A|C|T|C|G|G|C|T|T|G|C|G|C|T|G|T|C|A|T|G|G|G|G|A|G|T|G|C|G|G|C|C,1,Hap93,"['A', 'A', 'G', 'C', 'G', 'T', 'G', 'A', 'A', 'T', 'G', 'T', 'G', 'G', 'A', 'T', 'G', 'A', 'A', 'G', 'T', 'G', 'T', 'C', 'G', 'A', 'C', 'T', 'C', 'G', 'G', 'C', 'T', 'T', 'G', 'C', 'G', 'C', 'T', 'G', 'T', 'C', 'A', 'T', 'G', 'G', 'G', 'G', 'A', 'G', 'T', 'G', 'C', 'G', 'G', 'C', 'C']"
A|A|G|C|G|T|G|A|A|T|G|-|G|G|A|T|G|A|A|G|T|G|T|G|G|G|C|C|C|G|G|T|T|G|C|C|G|C|T|-|A|T|A|T|G|G|C|T|G|G|-|G|C|G|G|C|C,1,Hap94,"['A', 'A', 'G', 'C', 'G', 'T', 'G', 'A', 'A', 'T', 'G', '-', 'G', 'G', 'A', 'T', 'G', 'A', 'A', 'G', 'T', 'G', 'T', 'G', 'G', 'G', 'C', 'C', 'C', 'G', 'G', 'T', 'T', 'G', 'C', 'C', 'G', 'C', 'T', '-', 'A', 'T', 'A', 'T', 'G', 'G', 'C', 'T', 'G', 'G', '-', 'G', 'C', 'G', 'G', 'C', 'C']"
A|A|-|G|G|T|G|A|A|T|G|T|G|G|A|T|G|A|A|G|T|G|T|G|G|A|C|T|C|G|G|T|T|T|G|C|G|C|T|G|T|T|A|T|G|G|C|T|G|A|T|G|T|T|G|C|C,1,Hap95,"['A', 'A', '-', 'G', 'G', 'T', 'G', 'A', 'A', 'T', 'G', 'T', 'G', 'G', 'A', 'T', 'G', 'A', 'A', 'G', 'T', 'G', 'T', 'G', 'G', 'A', 'C', 'T', 'C', 'G', 'G', 'T', 'T', 'T', 'G', 'C', 'G', 'C', 'T', 'G', 'T', 'T', 'A', 'T', 'G', 'G', 'C', 'T', 'G', 'A', 'T', 'G', 'T', 'T', 'G', 'C', 'C']"
A|A|G|C|G|T|G|A|A|T|G|T|G|G|A|T|G|A|A|G|T|G|T|G|G|A|C|C|C|G|G|T|T|G|C|C|G|C|T|-|A|T|A|T|G|G|C|T|G|G|-|G|C|G|G|C|C,1,Hap96,"['A', 'A', 'G', 'C', 'G', 'T', 'G', 'A', 'A', 'T', 'G', 'T', 'G', 'G', 'A', 'T', 'G', 'A', 'A', 'G', 'T', 'G', 'T', 'G', 'G', 'A', 'C', 'C', 'C', 'G', 'G', 'T', 'T', 'G', 'C', 'C', 'G', 'C', 'T', '-', 'A', 'T', 'A', 'T', 'G', 'G', 'C', 'T', 'G', 'G', '-', 'G', 'C', 'G', 'G', 'C', 'C']"
A|A|G|C|G|T|G|-|A|T|G|T|G|G|A|T|G|A|A|G|T|G|T|G|G|A|C|T|C|G|G|T|T|T|C|C|G|C|T|G|T|T|A|T|G|G|C|T|G|A|T|G|T|T|G|C|C,1,Hap97,"['A', 'A', 'G', 'C', 'G', 'T', 'G', '-', 'A', 'T', 'G', 'T', 'G', 'G', 'A', 'T', 'G', 'A', 'A', 'G', 'T', 'G', 'T', 'G', 'G', 'A', 'C', 'T', 'C', 'G', 'G', 'T', 'T', 'T', 'C', 'C', 'G', 'C', 'T', 'G', 'T', 'T', 'A', 'T', 'G', 'G', 'C', 'T', 'G', 'A', 'T', 'G', 'T', 'T', 'G', 'C', 'C']"
A|A|G|C|G|T|G|A|A|T|G|T|G|G|A|T|G|A|+|-|-|-|-|G|G|G|C|C|-|G|G|T|T|T|G|C|G|C|T|G|T|C|A|T|G|G|C|T|G|G|T|G|T|G|G|C|C,1,Hap98,"['A', 'A', 'G', 'C', 'G', 'T', 'G', 'A', 'A', 'T', 'G', 'T', 'G', 'G', 'A', 'T', 'G', 'A', '+', '-', '-', '-', '-', 'G', 'G', 'G', 'C', 'C', '-', 'G', 'G', 'T', 'T', 'T', 'G', 'C', 'G', 'C', 'T', 'G', 'T', 'C', 'A', 'T', 'G', 'G', 'C', 'T', 'G', 'G', 'T', 'G', 'T', 'G', 'G', 'C', 'C']"
A|A|G|C|G|C|G|A|A|T|G|-|G|G|A|T|G|A|A|G|T|G|T|G|G|G|C|C|C|-|G|T|T|G|G|C|G|C|T|G|T|C|A|T|G|G|G|G|A|G|T|G|C|G|G|C|C,1,Hap99,"['A', 'A', 'G', 'C', 'G', 'C', 'G', 'A', 'A', 'T', 'G', '-', 'G', 'G', 'A', 'T', 'G', 'A', 'A', 'G', 'T', 'G', 'T', 'G', 'G', 'G', 'C', 'C', 'C', '-', 'G', 'T', 'T', 'G', 'G', 'C', 'G', 'C', 'T', 'G', 'T', 'C', 'A', 'T', 'G', 'G', 'G', 'G', 'A', 'G', 'T', 'G', 'C', 'G', 'G', 'C', 'C']"
A|A|G|C|G|T|G|A|A|T|G|T|G|G|A|T|G|A|A|G|T|G|T|G|G|G|C|T|C|-|G|T|T|G|C|C|G|C|T|-|A|T|A|T|G|G|G|G|A|G|T|G|C|G|G|C|C,1,Hap100,"['A', 'A', 'G', 'C', 'G', 'T', 'G', 'A', 'A', 'T', 'G', 'T', 'G', 'G', 'A', 'T', 'G', 'A', 'A', 'G', 'T', 'G', 'T', 'G', 'G', 'G', 'C', 'T', 'C', '-', 'G', 'T', 'T', 'G', 'C', 'C', 'G', 'C', 'T', '-', 'A', 'T', 'A', 'T', 'G', 'G', 'G', 'G', 'A', 'G', 'T', 'G', 'C', 'G', 'G', 'C', 'C']"
A|A|G|C|G|T|G|A|A|T|G|T|G|G|A|T|G|A|A|G|T|G|T|G|G|G|C|C|C|G|G|T|T|T|G|C|G|C|T|G|T|C|G|T|G|G|G|G|A|G|T|G|C|G|G|C|G,1,Hap101,"['A', 'A', 'G', 'C', 'G', 'T', 'G', 'A', 'A', 'T', 'G', 'T', 'G', 'G', 'A', 'T', 'G', 'A', 'A', 'G', 'T', 'G', 'T', 'G', 'G', 'G', 'C', 'C', 'C', 'G', 'G', 'T', 'T', 'T', 'G', 'C', 'G', 'C', 'T', 'G', 'T', 'C', 'G', 'T', 'G', 'G', 'G', 'G', 'A', 'G', 'T', 'G', 'C', 'G', 'G', 'C', 'G']"
A|A|G|C|G|T|G|A|A|T|G|-|G|G|A|T|G|A|A|G|T|G|T|G|G|A|C|C|C|-|G|T|T|G|C|C|G|C|T|-|A|T|A|T|G|G|C|T|G|G|-|G|C|G|G|C|C,1,Hap102,"['A', 'A', 'G', 'C', 'G', 'T', 'G', 'A', 'A', 'T', 'G', '-', 'G', 'G', 'A', 'T', 'G', 'A', 'A', 'G', 'T', 'G', 'T', 'G', 'G', 'A', 'C', 'C', 'C', '-', 'G', 'T', 'T', 'G', 'C', 'C', 'G', 'C', 'T', '-', 'A', 'T', 'A', 'T', 'G', 'G', 'C', 'T', 'G', 'G', '-', 'G', 'C', 'G', 'G', 'C', 'C']"
A|A|G|C|G|T|G|A|A|T|G|T|G|G|A|T|G|A|A|G|T|G|T|G|G|A|C|C|C|-|G|T|T|T|G|C|G|C|T|G|T|C|A|T|G|G|G|G|A|G|T|G|C|G|G|C|C,1,Hap103,"['A', 'A', 'G', 'C', 'G', 'T', 'G', 'A', 'A', 'T', 'G', 'T', 'G', 'G', 'A', 'T', 'G', 'A', 'A', 'G', 'T', 'G', 'T', 'G', 'G', 'A', 'C', 'C', 'C', '-', 'G', 'T', 'T', 'T', 'G', 'C', 'G', 'C', 'T', 'G', 'T', 'C', 'A', 'T', 'G', 'G', 'G', 'G', 'A', 'G', 'T', 'G', 'C', 'G', 'G', 'C', 'C']"
C|A|G|C|G|T|G|A|A|T|G|T|G|G|A|T|G|A|A|G|T|G|T|G|G|A|C|C|C|G|G|T|T|T|G|C|G|C|T|G|T|C|A|T|G|G|G|G|A|G|T|G|C|G|G|C|C,1,Hap104,"['C', 'A', 'G', 'C', 'G', 'T', 'G', 'A', 'A', 'T', 'G', 'T', 'G', 'G', 'A', 'T', 'G', 'A', 'A', 'G', 'T', 'G', 'T', 'G', 'G', 'A', 'C', 'C', 'C', 'G', 'G', 'T', 'T', 'T', 'G', 'C', 'G', 'C', 'T', 'G', 'T', 'C', 'A', 'T', 'G', 'G', 'G', 'G', 'A', 'G', 'T', 'G', 'C', 'G', 'G', 'C', 'C']"
